<tileset>
<tiles>
	<tile id="arrow_1.png">
		<frame x=0 y=37 w=50 h=36 />
		<spriteSourceSize x=43 y=199 w=128 h=256 />
	</tile>
	<tile id="arrow_3.png">
		<frame x=51 y=0 w=50 h=36 />
		<spriteSourceSize x=43 y=203 w=128 h=256 />
	</tile>
	<tile id="arrow_5.png">
		<frame x=51 y=37 w=50 h=36 />
		<spriteSourceSize x=35 y=203 w=128 h=256 />
	</tile>
	<tile id="arrow_7.png">
		<frame x=0 y=0 w=50 h=36 />
		<spriteSourceSize x=35 y=199 w=128 h=256 />
	</tile>

</tiles>
<meta>
	<image name="arrow.png" />
	<size w=102 h=74 />
</meta>
</tileset>
