<tileset>
<tiles>
	<tile id="arrowWall_1.png">
		<frame x=0 y=47 w=50 h=47 />
		<spriteSourceSize x=39 y=180 w=128 h=256 />
	</tile>
	<tile id="arrowWall_3.png">
		<frame x=51 y=0 w=50 h=47 />
		<spriteSourceSize x=39 y=180 w=128 h=256 />
	</tile>
	<tile id="arrowWall_5.png">
		<frame x=51 y=48 w=50 h=46 />
		<spriteSourceSize x=39 y=182 w=128 h=256 />
	</tile>
	<tile id="arrowWall_7.png">
		<frame x=0 y=0 w=50 h=46 />
		<spriteSourceSize x=39 y=182 w=128 h=256 />
	</tile>

</tiles>
<meta>
	<image name="arrowWall.png" />
	<size w=102 h=95 />
</meta>
</tileset>
