<tileset>
<tiles>
	<tile id="block_1.png">
		<frame x=0 y=145 w=128 h=144 />
		<spriteSourceSize x=0 y=112 w=128 h=256 />
	</tile>
	<tile id="block_3.png">
		<frame x=129 y=0 w=128 h=144 />
		<spriteSourceSize x=0 y=112 w=128 h=256 />
	</tile>
	<tile id="block_5.png">
		<frame x=129 y=145 w=128 h=144 />
		<spriteSourceSize x=0 y=112 w=128 h=256 />
	</tile>
	<tile id="block_7.png">
		<frame x=0 y=0 w=128 h=144 />
		<spriteSourceSize x=0 y=112 w=128 h=256 />
	</tile>

</tiles>
<meta>
	<image name="block.png" />
	<size w=258 h=290 />
</meta>
</tileset>
