<tileset>
<tiles>
	<tile id="blockAngle_1.png">
		<frame x=0 y=114 w=128 h=112 />
		<spriteSourceSize x=0 y=144 w=128 h=256 />
	</tile>
	<tile id="blockAngle_3.png">
		<frame x=129 y=0 w=65 h=144 />
		<spriteSourceSize x=0 y=112 w=128 h=256 />
	</tile>
	<tile id="blockAngle_5.png">
		<frame x=0 y=0 w=128 h=113 />
		<spriteSourceSize x=0 y=112 w=128 h=256 />
	</tile>
	<tile id="blockAngle_7.png">
		<frame x=195 y=0 w=65 h=144 />
		<spriteSourceSize x=63 y=112 w=128 h=256 />
	</tile>

</tiles>
<meta>
	<image name="blockAngle.png" />
	<size w=261 h=227 />
</meta>
</tileset>
