<tileset>
<tiles>
	<tile id="blockHalf_1.png">
		<frame x=0 y=74 w=66 h=72 />
		<spriteSourceSize x=31 y=184 w=128 h=256 />
	</tile>
	<tile id="blockHalf_3.png">
		<frame x=67 y=0 w=65 h=73 />
		<spriteSourceSize x=0 y=168 w=128 h=256 />
	</tile>
	<tile id="blockHalf_5.png">
		<frame x=0 y=0 w=66 h=73 />
		<spriteSourceSize x=31 y=152 w=128 h=256 />
	</tile>
	<tile id="blockHalf_7.png">
		<frame x=67 y=74 w=65 h=73 />
		<spriteSourceSize x=63 y=168 w=128 h=256 />
	</tile>

</tiles>
<meta>
	<image name="blockHalf.png" />
	<size w=133 h=148 />
</meta>
</tileset>
