<tileset>
<tiles>
	<tile id="blockQuarter_1.png">
		<frame x=0 y=39 w=34 h=37 />
		<spriteSourceSize x=47 y=219 w=128 h=256 />
	</tile>
	<tile id="blockQuarter_3.png">
		<frame x=35 y=0 w=33 h=38 />
		<spriteSourceSize x=0 y=195 w=128 h=256 />
	</tile>
	<tile id="blockQuarter_5.png">
		<frame x=0 y=0 w=34 h=38 />
		<spriteSourceSize x=47 y=171 w=128 h=256 />
	</tile>
	<tile id="blockQuarter_7.png">
		<frame x=35 y=39 w=33 h=38 />
		<spriteSourceSize x=95 y=195 w=128 h=256 />
	</tile>

</tiles>
<meta>
	<image name="blockQuarter.png" />
	<size w=69 h=78 />
</meta>
</tileset>
