<tileset>
<tiles>
	<tile id="columnCorner_1.png">
		<frame x=35 y=0 w=34 h=95 />
		<spriteSourceSize x=47 y=161 w=128 h=256 />
	</tile>
	<tile id="columnCorner_3.png">
		<frame x=70 y=0 w=33 h=97 />
		<spriteSourceSize x=0 y=136 w=128 h=256 />
	</tile>
	<tile id="columnCorner_5.png">
		<frame x=0 y=0 w=34 h=97 />
		<spriteSourceSize x=47 y=112 w=128 h=256 />
	</tile>
	<tile id="columnCorner_7.png">
		<frame x=104 y=0 w=33 h=97 />
		<spriteSourceSize x=95 y=136 w=128 h=256 />
	</tile>
</tiles>
<meta>
	<image name="columnCorner.png" />
	<size w=138 h=98 />
</meta>
</tileset>
