<tileset>
<tiles>
	<tile id="columnBlocks_1.png">
		<frame x=35 y=0 w=34 h=96 />
		<spriteSourceSize x=47 y=137 w=128 h=256 />
	</tile>
	<tile id="columnBlocks_3.png">
		<frame x=70 y=0 w=34 h=96 />
		<spriteSourceSize x=47 y=137 w=128 h=256 />
	</tile>
	<tile id="columnBlocks_5.png">
		<frame x=105 y=0 w=34 h=96 />
		<spriteSourceSize x=47 y=137 w=128 h=256 />
	</tile>
	<tile id="columnBlocks_7.png">
		<frame x=0 y=0 w=34 h=96 />
		<spriteSourceSize x=47 y=137 w=128 h=256 />
	</tile>
</tiles>
<meta>
	<image name="columnBlocks.png" />
	<size w=140 h=97 />
</meta>
</tileset>
