<tileset>
<tiles>
	<tile id="column_1.png">
		<frame x=35 y=0 w=34 h=97 />
		<spriteSourceSize x=47 y=136 w=128 h=256 />
	</tile>
	<tile id="column_3.png">
		<frame x=70 y=0 w=34 h=97 />
		<spriteSourceSize x=47 y=136 w=128 h=256 />
	</tile>
	<tile id="column_5.png">
		<frame x=105 y=0 w=34 h=97 />
		<spriteSourceSize x=47 y=136 w=128 h=256 />
	</tile>
	<tile id="column_7.png">
		<frame x=0 y=0 w=34 h=97 />
		<spriteSourceSize x=47 y=136 w=128 h=256 />
	</tile>
</tiles>
<meta>
	<image name="column.png" />
	<size w=140 h=98 />
</meta>
</tileset>
