<tileset>
<tiles>
	<tile id="crate_1.png">
		<frame x=0 y=74 w=66 h=73 />
		<spriteSourceSize x=31 y=168 w=128 h=256 />
	</tile>
	<tile id="crate_3.png">
		<frame x=67 y=0 w=66 h=73 />
		<spriteSourceSize x=31 y=168 w=128 h=256 />
	</tile>
	<tile id="crate_5.png">
		<frame x=67 y=74 w=66 h=73 />
		<spriteSourceSize x=31 y=168 w=128 h=256 />
	</tile>
	<tile id="crate_7.png">
		<frame x=0 y=0 w=66 h=73 />
		<spriteSourceSize x=31 y=168 w=128 h=256 />
	</tile>
</tiles>
<meta>
	<image name="crate.png" />
	<size w=134 h=148 />
</meta>
</tileset>
