<tileset>
<tiles>
	<tile id="doorwayLeftBottom_1.png">
		<frame x=0 y=121 w=81 h=95 />
		<spriteSourceSize x=0 y=161 w=128 h=256 />
	</tile>
	<tile id="doorwayLeftBottom_3.png">
		<frame x=82 y=0 w=81 h=97 />
		<spriteSourceSize x=0 y=136 w=128 h=256 />
	</tile>
	<tile id="doorwayLeftBottom_5.png">
		<frame x=82 y=98 w=81 h=121 />
		<spriteSourceSize x=47 y=112 w=128 h=256 />
	</tile>
	<tile id="doorwayLeftBottom_7.png">
		<frame x=0 y=0 w=81 h=120 />
		<spriteSourceSize x=47 y=136 w=128 h=256 />
	</tile>
</tiles>
<meta>
	<image name="doorwayLeftBottom.png" />
	<size w=164 h=220 />
</meta>
</tileset>
