<tileset>
<tiles>
	<tile id="doorwayRightBottom_1.png">
		<frame x=0 y=96 w=81 h=120 />
		<spriteSourceSize x=0 y=136 w=128 h=256 />
	</tile>
	<tile id="doorwayRightBottom_3.png">
		<frame x=82 y=0 w=81 h=121 />
		<spriteSourceSize x=0 y=112 w=128 h=256 />
	</tile>
	<tile id="doorwayRightBottom_5.png">
		<frame x=82 y=122 w=81 h=97 />
		<spriteSourceSize x=47 y=136 w=128 h=256 />
	</tile>
	<tile id="doorwayRightBottom_7.png">
		<frame x=0 y=0 w=81 h=95 />
		<spriteSourceSize x=47 y=161 w=128 h=256 />
	</tile>
</tiles>
<meta>
	<image name="doorwayRightBottom.png" />
	<size w=164 h=220 />
</meta>
</tileset>
