<tileset>
<tiles>
	<tile id="doorOpen_1.png">
		<frame x=0 y=122 w=97 h=120 />
		<spriteSourceSize x=0 y=136 w=128 h=256 />
	</tile>
	<tile id="doorOpen_3.png">
		<frame x=98 y=0 w=81 h=129 />
		<spriteSourceSize x=0 y=112 w=128 h=256 />
	</tile>
	<tile id="doorOpen_5.png">
		<frame x=0 y=0 w=97 h=121 />
		<spriteSourceSize x=31 y=112 w=128 h=256 />
	</tile>
	<tile id="doorOpen_7.png">
		<frame x=98 y=130 w=81 h=120 />
		<spriteSourceSize x=47 y=136 w=128 h=256 />
	</tile>
</tiles>
<meta>
	<image name="doorOpen.png" />
	<size w=180 h=251 />
</meta>
</tileset>
