<tileset>
<tiles>
	<tile id="doorwayMiddleBottom_1.png">
		<frame x=0 y=62 w=81 h=61 />
		<spriteSourceSize x=0 y=195 w=128 h=256 />
	</tile>
	<tile id="doorwayMiddleBottom_3.png">
		<frame x=82 y=0 w=81 h=62 />
		<spriteSourceSize x=0 y=171 w=128 h=256 />
	</tile>
	<tile id="doorwayMiddleBottom_5.png">
		<frame x=82 y=63 w=81 h=62 />
		<spriteSourceSize x=47 y=171 w=128 h=256 />
	</tile>
	<tile id="doorwayMiddleBottom_7.png">
		<frame x=0 y=0 w=81 h=61 />
		<spriteSourceSize x=47 y=195 w=128 h=256 />
	</tile>
</tiles>
<meta>
	<image name="doorwayMiddleBottom.png" />
	<size w=164 h=126 />
</meta>
</tileset>
