<tileset>
<tiles>
	<tile id="doorwayBottom_1.png">
		<frame x=0 y=121 w=81 h=120 />
		<spriteSourceSize x=0 y=136 w=128 h=256 />
	</tile>
	<tile id="doorwayBottom_3.png">
		<frame x=82 y=0 w=81 h=121 />
		<spriteSourceSize x=0 y=112 w=128 h=256 />
	</tile>
	<tile id="doorwayBottom_5.png">
		<frame x=82 y=122 w=81 h=121 />
		<spriteSourceSize x=47 y=112 w=128 h=256 />
	</tile>
	<tile id="doorwayBottom_7.png">
		<frame x=0 y=0 w=81 h=120 />
		<spriteSourceSize x=47 y=136 w=128 h=256 />
	</tile>
</tiles>
<meta>
	<image name="doorwayBottom.png" />
	<size w=164 h=244 />
</meta>
</tileset>
