<tileset>
<tiles>
	<tile id="doorwayMiddle_1.png">
		<frame x=0 y=63 w=81 h=62 />
		<spriteSourceSize x=0 y=136 w=128 h=256 />
	</tile>
	<tile id="doorwayMiddle_3.png">
		<frame x=82 y=0 w=81 h=62 />
		<spriteSourceSize x=0 y=112 w=128 h=256 />
	</tile>
	<tile id="doorwayMiddle_5.png">
		<frame x=82 y=63 w=81 h=62 />
		<spriteSourceSize x=47 y=112 w=128 h=256 />
	</tile>
	<tile id="doorwayMiddle_7.png">
		<frame x=0 y=0 w=81 h=62 />
		<spriteSourceSize x=47 y=136 w=128 h=256 />
	</tile>
</tiles>
<meta>
	<image name="doorwayMiddle.png" />
	<size w=164 h=126 />
</meta>
</tileset>
