<tileset>
<tiles>
	<tile id="fence_1.png">
		<frame x=0 y=56 w=69 h=55 />
		<spriteSourceSize x=0 y=201 w=128 h=256 />
	</tile>
	<tile id="fence_3.png">
		<frame x=70 y=0 w=69 h=56 />
		<spriteSourceSize x=0 y=171 w=128 h=256 />
	</tile>
	<tile id="fence_5.png">
		<frame x=70 y=57 w=69 h=56 />
		<spriteSourceSize x=59 y=171 w=128 h=256 />
	</tile>
	<tile id="fence_7.png">
		<frame x=0 y=0 w=69 h=55 />
		<spriteSourceSize x=59 y=201 w=128 h=256 />
	</tile>
</tiles>
<meta>
	<image name="fence.png" />
	<size w=140 h=114 />
</meta>
</tileset>
