<tileset>
<tiles>
	<tile id="floorHalf_1.png">
		<frame x=0 y=50 w=97 h=49 />
		<spriteSourceSize x=0 y=207 w=128 h=256 />
	</tile>
	<tile id="floorHalf_3.png">
		<frame x=0 y=100 w=97 h=50 />
		<spriteSourceSize x=0 y=191 w=128 h=256 />
	</tile>
	<tile id="floorHalf_5.png">
		<frame x=98 y=0 w=97 h=50 />
		<spriteSourceSize x=31 y=191 w=128 h=256 />
	</tile>
	<tile id="floorHalf_7.png">
		<frame x=0 y=0 w=97 h=49 />
		<spriteSourceSize x=31 y=207 w=128 h=256 />
	</tile>
</tiles>
<meta>
	<image name="floorHalf.png" />
	<size w=196 h=151 />
</meta>
</tileset>
