<tileset>
<tiles>
	<tile id="floor_1.png">
		<frame x=0 y=66 w=128 h=65 />
		<spriteSourceSize x=0 y=191 w=128 h=256 />
	</tile>
	<tile id="floor_3.png">
		<frame x=0 y=132 w=128 h=65 />
		<spriteSourceSize x=0 y=191 w=128 h=256 />
	</tile>
	<tile id="floor_5.png">
		<frame x=129 y=0 w=128 h=65 />
		<spriteSourceSize x=0 y=191 w=128 h=256 />
	</tile>
	<tile id="floor_7.png">
		<frame x=0 y=0 w=128 h=65 />
		<spriteSourceSize x=0 y=191 w=128 h=256 />
	</tile>
</tiles>
<meta>
	<image name="floor.png" />
	<size w=258 h=198 />
</meta>
</tileset>
