<tileset>
<tiles>
	<tile id="floorQuarter_1.png">
		<frame x=0 y=35 w=66 h=33 />
		<spriteSourceSize x=31 y=223 w=128 h=256 />
	</tile>
	<tile id="floorQuarter_3.png">
		<frame x=0 y=69 w=65 h=34 />
		<spriteSourceSize x=0 y=207 w=128 h=256 />
	</tile>
	<tile id="floorQuarter_5.png">
		<frame x=0 y=0 w=66 h=34 />
		<spriteSourceSize x=31 y=191 w=128 h=256 />
	</tile>
	<tile id="floorQuarter_7.png">
		<frame x=66 y=69 w=65 h=34 />
		<spriteSourceSize x=63 y=207 w=128 h=256 />
	</tile>
</tiles>
<meta>
	<image name="floorQuarter.png" />
	<size w=132 h=104 />
</meta>
</tileset>
