<tileset>
<tiles>
	<tile id="ladder_1.png">
		<frame x=27 y=0 w=26 h=93 />
		<spriteSourceSize x=21 y=153 w=128 h=256 />
	</tile>
	<tile id="ladder_3.png">
		<frame x=54 y=0 w=26 h=93 />
		<spriteSourceSize x=21 y=123 w=128 h=256 />
	</tile>
	<tile id="ladder_5.png">
		<frame x=81 y=0 w=26 h=93 />
		<spriteSourceSize x=81 y=123 w=128 h=256 />
	</tile>
	<tile id="ladder_7.png">
		<frame x=0 y=0 w=26 h=93 />
		<spriteSourceSize x=81 y=153 w=128 h=256 />
	</tile>
</tiles>
<meta>
	<image name="ladder.png" />
	<size w=108 h=94 />
</meta>
</tileset>
