<tileset>
<tiles>
	<tile id="pole_1.png">
		<frame x=9 y=0 w=8 h=83 />
		<spriteSourceSize x=60 y=173 w=128 h=256 />
	</tile>
	<tile id="pole_3.png">
		<frame x=18 y=0 w=7 h=83 />
		<spriteSourceSize x=0 y=143 w=128 h=256 />
	</tile>
	<tile id="pole_5.png">
		<frame x=0 y=0 w=8 h=84 />
		<spriteSourceSize x=60 y=112 w=128 h=256 />
	</tile>
	<tile id="pole_7.png">
		<frame x=26 y=0 w=7 h=83 />
		<spriteSourceSize x=121 y=143 w=128 h=256 />
	</tile>
</tiles>
<meta>
	<image name="pole.png" />
	<size w=34 h=85 />
</meta>
</tileset>
