<tileset>
<tiles>
	<tile id="slabAngle_1.png">
		<frame x=0 y=45 w=128 h=43 />
		<spriteSourceSize x=0 y=213 w=128 h=256 />
	</tile>
	<tile id="slabAngle_3.png">
		<frame x=0 y=89 w=65 h=75 />
		<spriteSourceSize x=0 y=181 w=128 h=256 />
	</tile>
	<tile id="slabAngle_5.png">
		<frame x=0 y=0 w=128 h=44 />
		<spriteSourceSize x=0 y=181 w=128 h=256 />
	</tile>
	<tile id="slabAngle_7.png">
		<frame x=66 y=89 w=65 h=75 />
		<spriteSourceSize x=63 y=181 w=128 h=256 />
	</tile>
</tiles>
<meta>
	<image name="slabAngle.png" />
	<size w=132 h=165 />
</meta>
</tileset>
