<tileset>
<tiles>
	<tile id="slabHalf_1.png">
		<frame x=0 y=60 w=97 h=59 />
		<spriteSourceSize x=0 y=197 w=128 h=256 />
	</tile>
	<tile id="slabHalf_3.png">
		<frame x=0 y=120 w=97 h=60 />
		<spriteSourceSize x=0 y=181 w=128 h=256 />
	</tile>
	<tile id="slabHalf_5.png">
		<frame x=98 y=0 w=97 h=60 />
		<spriteSourceSize x=31 y=181 w=128 h=256 />
	</tile>
	<tile id="slabHalf_7.png">
		<frame x=0 y=0 w=97 h=59 />
		<spriteSourceSize x=31 y=197 w=128 h=256 />
	</tile>
</tiles>
<meta>
	<image name="slabHalf.png" />
	<size w=196 h=181 />
</meta>
</tileset>
