<tileset>
<tiles>
	<tile id="slabQuarter_1.png">
		<frame x=0 y=45 w=66 h=43 />
		<spriteSourceSize x=31 y=213 w=128 h=256 />
	</tile>
	<tile id="slabQuarter_3.png">
		<frame x=67 y=0 w=65 h=44 />
		<spriteSourceSize x=0 y=197 w=128 h=256 />
	</tile>
	<tile id="slabQuarter_5.png">
		<frame x=0 y=0 w=66 h=44 />
		<spriteSourceSize x=31 y=181 w=128 h=256 />
	</tile>
	<tile id="slabQuarter_7.png">
		<frame x=67 y=45 w=65 h=44 />
		<spriteSourceSize x=63 y=197 w=128 h=256 />
	</tile>
</tiles>
<meta>
	<image name="slabQuarter.png" />
	<size w=133 h=90 />
</meta>
</tileset>
