<tileset>
<tiles>
	<tile id="slab_1.png">
		<frame x=0 y=76 w=128 h=75 />
		<spriteSourceSize x=0 y=181 w=128 h=256 />
	</tile>
	<tile id="slab_3.png">
		<frame x=0 y=152 w=128 h=75 />
		<spriteSourceSize x=0 y=181 w=128 h=256 />
	</tile>
	<tile id="slab_5.png">
		<frame x=129 y=0 w=128 h=75 />
		<spriteSourceSize x=0 y=181 w=128 h=256 />
	</tile>
	<tile id="slab_7.png">
		<frame x=0 y=0 w=128 h=75 />
		<spriteSourceSize x=0 y=181 w=128 h=256 />
	</tile>
</tiles>
<meta>
	<image name="slab.png" />
	<size w=258 h=228 />
</meta>
</tileset>
