<tileset>
<tiles>
	<tile id="slopeQuarter_1.png">
		<frame x=0 y=66 w=128 h=65 />
		<spriteSourceSize x=0 y=191 w=128 h=256 />
	</tile>
	<tile id="slopeQuarter_3.png">
		<frame x=0 y=132 w=128 h=85 />
		<spriteSourceSize x=0 y=171 w=128 h=256 />
	</tile>
	<tile id="slopeQuarter_5.png">
		<frame x=129 y=0 w=128 h=85 />
		<spriteSourceSize x=0 y=171 w=128 h=256 />
	</tile>
	<tile id="slopeQuarter_7.png">
		<frame x=0 y=0 w=128 h=65 />
		<spriteSourceSize x=0 y=191 w=128 h=256 />
	</tile>
</tiles>
<meta>
	<image name="slopeQuarter.png" />
	<size w=258 h=218 />
</meta>
</tileset>
