<tileset>
<tiles>
	<tile id="slopeHalf_1.png">
		<frame x=0 y=73 w=128 h=72 />
		<spriteSourceSize x=0 y=184 w=128 h=256 />
	</tile>
	<tile id="slopeHalf_3.png">
		<frame x=0 y=146 w=128 h=104 />
		<spriteSourceSize x=0 y=152 w=128 h=256 />
	</tile>
	<tile id="slopeHalf_5.png">
		<frame x=129 y=0 w=128 h=104 />
		<spriteSourceSize x=0 y=152 w=128 h=256 />
	</tile>
	<tile id="slopeHalf_7.png">
		<frame x=0 y=0 w=128 h=72 />
		<spriteSourceSize x=0 y=184 w=128 h=256 />
	</tile>
</tiles>
<meta>
	<image name="slopeHalf.png" />
	<size w=258 h=251 />
</meta>
</tileset>
