<tileset>
<tiles>
	<tile id="slopeSmall_1.png">
		<frame x=0 y=74 w=66 h=56 />
		<spriteSourceSize x=31 y=200 w=128 h=256 />
	</tile>
	<tile id="slopeSmall_3.png">
		<frame x=67 y=0 w=65 h=73 />
		<spriteSourceSize x=0 y=168 w=128 h=256 />
	</tile>
	<tile id="slopeSmall_5.png">
		<frame x=0 y=0 w=66 h=73 />
		<spriteSourceSize x=31 y=152 w=128 h=256 />
	</tile>
	<tile id="slopeSmall_7.png">
		<frame x=67 y=74 w=65 h=57 />
		<spriteSourceSize x=63 y=184 w=128 h=256 />
	</tile>
</tiles>
<meta>
	<image name="slopeSmall.png" />
	<size w=133 h=132 />
</meta>
</tileset>
