<tileset>
<tiles>
	<tile id="sloperCornerInner_1.png">
		<frame x=0 y=145 w=128 h=111 />
		<spriteSourceSize x=0 y=145 w=128 h=256 />
	</tile>
	<tile id="sloperCornerInner_3.png">
		<frame x=129 y=0 w=128 h=144 />
		<spriteSourceSize x=0 y=112 w=128 h=256 />
	</tile>
	<tile id="sloperCornerInner_5.png">
		<frame x=129 y=145 w=128 h=144 />
		<spriteSourceSize x=0 y=112 w=128 h=256 />
	</tile>
	<tile id="sloperCornerInner_7.png">
		<frame x=0 y=0 w=128 h=144 />
		<spriteSourceSize x=0 y=112 w=128 h=256 />
	</tile>
</tiles>
<meta>
	<image name="sloperCornerInner.png" />
	<size w=258 h=290 />
</meta>
</tileset>
