<tileset>
<tiles>
	<tile id="sloperCornerOuter_1.png">
		<frame x=0 y=112 w=128 h=79 />
		<spriteSourceSize x=0 y=177 w=128 h=256 />
	</tile>
	<tile id="sloperCornerOuter_3.png">
		<frame x=129 y=0 w=128 h=111 />
		<spriteSourceSize x=0 y=145 w=128 h=256 />
	</tile>
	<tile id="sloperCornerOuter_5.png">
		<frame x=129 y=112 w=128 h=143 />
		<spriteSourceSize x=0 y=113 w=128 h=256 />
	</tile>
	<tile id="sloperCornerOuter_7.png">
		<frame x=0 y=0 w=128 h=111 />
		<spriteSourceSize x=0 y=145 w=128 h=256 />
	</tile>
</tiles>
<meta>
	<image name="sloperCornerOuter.png" />
	<size w=258 h=256 />
</meta>
</tileset>
