<tileset>
<tiles>
	<tile id="stairsOpenCornerOuter_1.png">
		<frame x=0 y=74 w=128 h=25 />
		<spriteSourceSize x=0 y=208 w=128 h=256 />
	</tile>
	<tile id="stairsOpenCornerOuter_3.png">
		<frame x=0 y=100 w=65 h=80 />
		<spriteSourceSize x=0 y=176 w=128 h=256 />
	</tile>
	<tile id="stairsOpenCornerOuter_5.png">
		<frame x=0 y=0 w=128 h=73 />
		<spriteSourceSize x=0 y=152 w=128 h=256 />
	</tile>
	<tile id="stairsOpenCornerOuter_7.png">
		<frame x=66 y=100 w=65 h=80 />
		<spriteSourceSize x=63 y=176 w=128 h=256 />
	</tile>
</tiles>
<meta>
	<image name="stairsOpenCornerOuter.png" />
	<size w=132 h=181 />
</meta>
</tileset>
