<tileset>
<tiles>
	<tile id="stairsOpen_1.png">
		<frame x=0 y=58 w=128 h=57 />
		<spriteSourceSize x=0 y=176 w=128 h=256 />
	</tile>
	<tile id="stairsOpen_3.png">
		<frame x=0 y=116 w=128 h=104 />
		<spriteSourceSize x=0 y=152 w=128 h=256 />
	</tile>
	<tile id="stairsOpen_5.png">
		<frame x=129 y=0 w=128 h=104 />
		<spriteSourceSize x=0 y=152 w=128 h=256 />
	</tile>
	<tile id="stairsOpen_7.png">
		<frame x=0 y=0 w=128 h=57 />
		<spriteSourceSize x=0 y=176 w=128 h=256 />
	</tile>
</tiles>
<meta>
	<image name="stairsOpen.png" />
	<size w=258 h=221 />
</meta>
</tileset>
