<tileset>
<tiles>
	<tile id="stairsCornerOuter_1.png">
		<frame x=0 y=81 w=128 h=75 />
		<spriteSourceSize x=0 y=181 w=128 h=256 />
	</tile>
	<tile id="stairsCornerOuter_3.png">
		<frame x=0 y=157 w=128 h=80 />
		<spriteSourceSize x=0 y=176 w=128 h=256 />
	</tile>
	<tile id="stairsCornerOuter_5.png">
		<frame x=129 y=0 w=128 h=104 />
		<spriteSourceSize x=0 y=152 w=128 h=256 />
	</tile>
	<tile id="stairsCornerOuter_7.png">
		<frame x=0 y=0 w=128 h=80 />
		<spriteSourceSize x=0 y=176 w=128 h=256 />
	</tile>
</tiles>
<meta>
	<image name="stairsCornerOuter.png" />
	<size w=258 h=238 />
</meta>
</tileset>
