<tileset>
<tiles>
	<tile id="stairs_1.png">
		<frame x=0 y=81 w=128 h=80 />
		<spriteSourceSize x=0 y=176 w=128 h=256 />
	</tile>
	<tile id="stairs_3.png">
		<frame x=129 y=0 w=128 h=104 />
		<spriteSourceSize x=0 y=152 w=128 h=256 />
	</tile>
	<tile id="stairs_5.png">
		<frame x=129 y=105 w=128 h=104 />
		<spriteSourceSize x=0 y=152 w=128 h=256 />
	</tile>
	<tile id="stairs_7.png">
		<frame x=0 y=0 w=128 h=80 />
		<spriteSourceSize x=0 y=176 w=128 h=256 />
	</tile>
</tiles>
<meta>
	<image name="stairs.png" />
	<size w=258 h=210 />
</meta>
</tileset>
