<tileset>
<tiles>
	<tile id="stairsOpenCornerInner_1.png">
		<frame x=0 y=82 w=128 h=51 />
		<spriteSourceSize x=0 y=176 w=128 h=256 />
	</tile>
	<tile id="stairsOpenCornerInner_3.png">
		<frame x=0 y=134 w=128 h=81 />
		<spriteSourceSize x=0 y=152 w=128 h=256 />
	</tile>
	<tile id="stairsOpenCornerInner_5.png">
		<frame x=129 y=0 w=128 h=104 />
		<spriteSourceSize x=0 y=152 w=128 h=256 />
	</tile>
	<tile id="stairsOpenCornerInner_7.png">
		<frame x=0 y=0 w=128 h=81 />
		<spriteSourceSize x=0 y=152 w=128 h=256 />
	</tile>
</tiles>
<meta>
	<image name="stairsOpenCornerInner.png" />
	<size w=258 h=216 />
</meta>
</tileset>
