<tileset>
<tiles>
	<tile id="steps_1.png">
		<frame x=0 y=81 w=97 h=80 />
		<spriteSourceSize x=0 y=176 w=128 h=256 />
	</tile>
	<tile id="steps_3.png">
		<frame x=98 y=0 w=97 h=89 />
		<spriteSourceSize x=0 y=152 w=128 h=256 />
	</tile>
	<tile id="steps_5.png">
		<frame x=98 y=90 w=97 h=89 />
		<spriteSourceSize x=31 y=152 w=128 h=256 />
	</tile>
	<tile id="steps_7.png">
		<frame x=0 y=0 w=97 h=80 />
		<spriteSourceSize x=31 y=176 w=128 h=256 />
	</tile>
</tiles>
<meta>
	<image name="steps.png" />
	<size w=196 h=180 />
</meta>
</tileset>
