<tileset>
<tiles>
	<tile id="switchFloorOff_1.png">
		<frame x=0 y=37 w=66 h=36 />
		<spriteSourceSize x=31 y=205 w=128 h=256 />
	</tile>
	<tile id="switchFloorOff_3.png">
		<frame x=0 y=74 w=66 h=36 />
		<spriteSourceSize x=31 y=205 w=128 h=256 />
	</tile>
	<tile id="switchFloorOff_5.png">
		<frame x=67 y=0 w=66 h=36 />
		<spriteSourceSize x=31 y=205 w=128 h=256 />
	</tile>
	<tile id="switchFloorOff_7.png">
		<frame x=0 y=0 w=66 h=36 />
		<spriteSourceSize x=31 y=205 w=128 h=256 />
	</tile>
</tiles>
<meta>
	<image name="switchFloorOff.png" />
	<size w=134 h=111 />
</meta>
</tileset>
