<tileset>
<tiles>
	<tile id="switchWallOff_1.png">
		<frame x=0 y=32 w=24 h=31 />
		<spriteSourceSize x=39 y=176 w=128 h=256 />
	</tile>
	<tile id="switchWallOff_3.png">
		<frame x=25 y=0 w=24 h=32 />
		<spriteSourceSize x=39 y=162 w=128 h=256 />
	</tile>
	<tile id="switchWallOff_5.png">
		<frame x=25 y=33 w=24 h=32 />
		<spriteSourceSize x=65 y=162 w=128 h=256 />
	</tile>
	<tile id="switchWallOff_7.png">
		<frame x=0 y=0 w=24 h=31 />
		<spriteSourceSize x=65 y=176 w=128 h=256 />
	</tile>
</tiles>
<meta>
	<image name="switchWallOff.png" />
	<size w=50 h=66 />
</meta>
</tileset>
