<tileset>
<tiles>
	<tile id="switchWallOn_1.png">
		<frame x=25 y=0 w=24 h=32 />
		<spriteSourceSize x=39 y=175 w=128 h=256 />
	</tile>
	<tile id="switchWallOn_3.png">
		<frame x=0 y=33 w=24 h=31 />
		<spriteSourceSize x=39 y=162 w=128 h=256 />
	</tile>
	<tile id="switchWallOn_5.png">
		<frame x=25 y=33 w=24 h=31 />
		<spriteSourceSize x=65 y=162 w=128 h=256 />
	</tile>
	<tile id="switchWallOn_7.png">
		<frame x=0 y=0 w=24 h=32 />
		<spriteSourceSize x=65 y=175 w=128 h=256 />
	</tile>
</tiles>
<meta>
	<image name="switchWallOn.png" />
	<size w=50 h=65 />
</meta>
</tileset>
