<tileset>
<tiles>
	<tile id="wallBattlement_1.png">
		<frame x=0 y=71 w=81 h=62 />
		<spriteSourceSize x=0 y=194 w=128 h=256 />
	</tile>
	<tile id="wallBattlement_3.png">
		<frame x=82 y=0 w=81 h=63 />
		<spriteSourceSize x=0 y=170 w=128 h=256 />
	</tile>
	<tile id="wallBattlement_5.png">
		<frame x=82 y=64 w=81 h=71 />
		<spriteSourceSize x=47 y=162 w=128 h=256 />
	</tile>
	<tile id="wallBattlement_7.png">
		<frame x=0 y=0 w=81 h=70 />
		<spriteSourceSize x=47 y=186 w=128 h=256 />
	</tile>
</tiles>
<meta>
	<image name="wallBattlement.png" />
	<size w=164 h=136 />
</meta>
</tileset>
