<tileset>
<tiles>
	<tile id="wallCornerHalf_1.png">
		<frame x=0 y=82 w=128 h=80 />
		<spriteSourceSize x=0 y=176 w=128 h=256 />
	</tile>
	<tile id="wallCornerHalf_3.png">
		<frame x=129 y=0 w=81 h=104 />
		<spriteSourceSize x=0 y=152 w=128 h=256 />
	</tile>
	<tile id="wallCornerHalf_5.png">
		<frame x=0 y=0 w=128 h=81 />
		<spriteSourceSize x=0 y=152 w=128 h=256 />
	</tile>
	<tile id="wallCornerHalf_7.png">
		<frame x=129 y=105 w=81 h=104 />
		<spriteSourceSize x=47 y=152 w=128 h=256 />
	</tile>
</tiles>
<meta>
	<image name="wallCornerHalf.png" />
	<size w=211 h=210 />
</meta>
</tileset>
