<tileset>
<tiles>
	<tile id="wallCurveHalf_1.png">
		<frame x=0 y=64 w=128 h=62 />
		<spriteSourceSize x=0 y=176 w=128 h=256 />
	</tile>
	<tile id="wallCurveHalf_3.png">
		<frame x=129 y=0 w=45 h=104 />
		<spriteSourceSize x=36 y=152 w=128 h=256 />
	</tile>
	<tile id="wallCurveHalf_5.png">
		<frame x=0 y=0 w=128 h=63 />
		<spriteSourceSize x=0 y=170 w=128 h=256 />
	</tile>
	<tile id="wallCurveHalf_7.png">
		<frame x=129 y=105 w=45 h=104 />
		<spriteSourceSize x=47 y=152 w=128 h=256 />
	</tile>
</tiles>
<meta>
	<image name="wallCurveHalf.png" />
	<size w=175 h=210 />
</meta>
</tileset>
