<tileset>
<tiles>
	<tile id="wallCorner_1.png">
		<frame x=0 y=122 w=128 h=120 />
		<spriteSourceSize x=0 y=136 w=128 h=256 />
	</tile>
	<tile id="wallCorner_3.png">
		<frame x=129 y=0 w=81 h=144 />
		<spriteSourceSize x=0 y=112 w=128 h=256 />
	</tile>
	<tile id="wallCorner_5.png">
		<frame x=0 y=0 w=128 h=121 />
		<spriteSourceSize x=0 y=112 w=128 h=256 />
	</tile>
	<tile id="wallCorner_7.png">
		<frame x=129 y=145 w=81 h=144 />
		<spriteSourceSize x=47 y=112 w=128 h=256 />
	</tile>
</tiles>
<meta>
	<image name="wallCorner.png" />
	<size w=211 h=290 />
</meta>
</tileset>
