<tileset>
<tiles>
	<tile id="wallHalf_1.png">
		<frame x=0 y=81 w=81 h=80 />
		<spriteSourceSize x=0 y=176 w=128 h=256 />
	</tile>
	<tile id="wallHalf_3.png">
		<frame x=82 y=0 w=81 h=81 />
		<spriteSourceSize x=0 y=152 w=128 h=256 />
	</tile>
	<tile id="wallHalf_5.png">
		<frame x=82 y=82 w=81 h=81 />
		<spriteSourceSize x=47 y=152 w=128 h=256 />
	</tile>
	<tile id="wallHalf_7.png">
		<frame x=0 y=0 w=81 h=80 />
		<spriteSourceSize x=47 y=176 w=128 h=256 />
	</tile>
</tiles>
<meta>
	<image name="wallHalf.png" />
	<size w=164 h=164 />
</meta>
</tileset>
