<tileset>
<tiles>
	<tile id="wallCurve_1.png">
		<frame x=0 y=103 w=128 h=102 />
		<spriteSourceSize x=0 y=136 w=128 h=256 />
	</tile>
	<tile id="wallCurve_3.png">
		<frame x=129 y=0 w=45 h=144 />
		<spriteSourceSize x=36 y=112 w=128 h=256 />
	</tile>
	<tile id="wallCurve_5.png">
		<frame x=0 y=0 w=128 h=102 />
		<spriteSourceSize x=0 y=131 w=128 h=256 />
	</tile>
	<tile id="wallCurve_7.png">
		<frame x=175 y=0 w=45 h=144 />
		<spriteSourceSize x=47 y=112 w=128 h=256 />
	</tile>
</tiles>
<meta>
	<image name="wallCurve.png" />
	<size w=221 h=206 />
</meta>
</tileset>
