<tileset>
<tiles>
	<tile id="arrow_0.png">
		<frame x=82 y=0 w=64 h=70 />
		<spriteSourceSize x=32 y=170 w=128 h=256 />
	</tile>
	<tile id="arrow_2.png">
		<frame x=0 y=58 w=81 h=57 />
		<spriteSourceSize x=24 y=177 w=128 h=256 />
	</tile>
	<tile id="arrow_4.png">
		<frame x=82 y=71 w=64 h=69 />
		<spriteSourceSize x=32 y=171 w=128 h=256 />
	</tile>
	<tile id="arrow_6.png">
		<frame x=0 y=0 w=81 h=57 />
		<spriteSourceSize x=23 y=177 w=128 h=256 />
	</tile>

</tiles>
<meta>
	<image name="arrow.png" />
	<size w=147 h=141 />
</meta>
</tileset>
