<tileset>
<tiles>
	<tile id="arrowWall_0.png">
		<frame x=0 y=58 w=81 h=57 />
		<spriteSourceSize x=24 y=160 w=128 h=256 />
	</tile>
	<tile id="arrowWall_2.png">
		<frame x=82 y=0 w=18 h=69 />
		<spriteSourceSize x=55 y=159 w=128 h=256 />
	</tile>
	<tile id="arrowWall_4.png">
		<frame x=0 y=0 w=81 h=57 />
		<spriteSourceSize x=23 y=160 w=128 h=256 />
	</tile>
	<tile id="arrowWall_6.png">
		<frame x=101 y=0 w=18 h=69 />
		<spriteSourceSize x=55 y=148 w=128 h=256 />
	</tile>

</tiles>
<meta>
	<image name="arrowWall.png" />
	<size w=120 h=116 />
</meta>
</tileset>
