<tileset>
<tiles>
	<tile id="blockHalf_0.png">
		<frame x=0 y=94 w=65 h=91 />
		<spriteSourceSize x=63 y=165 w=128 h=256 />
	</tile>
	<tile id="blockHalf_2.png">
		<frame x=66 y=0 w=65 h=91 />
		<spriteSourceSize x=0 y=165 w=128 h=256 />
	</tile>
	<tile id="blockHalf_4.png">
		<frame x=66 y=92 w=65 h=93 />
		<spriteSourceSize x=0 y=119 w=128 h=256 />
	</tile>
	<tile id="blockHalf_6.png">
		<frame x=0 y=0 w=65 h=93 />
		<spriteSourceSize x=63 y=119 w=128 h=256 />
	</tile>

</tiles>
<meta>
	<image name="blockHalf.png" />
	<size w=132 h=186 />
</meta>
</tileset>
