<tileset>
<tiles>
	<tile id="blockQuarter_0.png">
		<frame x=0 y=48 w=33 h=46 />
		<spriteSourceSize x=95 y=210 w=128 h=256 />
	</tile>
	<tile id="blockQuarter_2.png">
		<frame x=34 y=0 w=33 h=46 />
		<spriteSourceSize x=0 y=210 w=128 h=256 />
	</tile>
	<tile id="blockQuarter_4.png">
		<frame x=34 y=47 w=33 h=47 />
		<spriteSourceSize x=0 y=142 w=128 h=256 />
	</tile>
	<tile id="blockQuarter_6.png">
		<frame x=0 y=0 w=33 h=47 />
		<spriteSourceSize x=95 y=142 w=128 h=256 />
	</tile>

</tiles>
<meta>
	<image name="blockQuarter.png" />
	<size w=68 h=95 />
</meta>
</tileset>
