<tileset>
<tiles>
	<tile id="columnCorner_0.png">
		<frame x=34 y=0 w=33 h=114 />
		<spriteSourceSize x=95 y=142 w=128 h=256 />
	</tile>
	<tile id="columnCorner_2.png">
		<frame x=68 y=0 w=33 h=114 />
		<spriteSourceSize x=0 y=142 w=128 h=256 />
	</tile>
	<tile id="columnCorner_4.png">
		<frame x=102 y=0 w=33 h=115 />
		<spriteSourceSize x=0 y=74 w=128 h=256 />
	</tile>
	<tile id="columnCorner_6.png">
		<frame x=0 y=0 w=33 h=115 />
		<spriteSourceSize x=95 y=74 w=128 h=256 />
	</tile>
</tiles>
<meta>
	<image name="columnCorner.png" />
	<size w=136 h=116 />
</meta>
</tileset>
