<tileset>
<tiles>
	<tile id="columnBlocks_0.png">
		<frame x=47 y=0 w=46 h=119 />
		<spriteSourceSize x=41 y=104 w=128 h=256 />
	</tile>
	<tile id="columnBlocks_2.png">
		<frame x=94 y=0 w=46 h=119 />
		<spriteSourceSize x=41 y=104 w=128 h=256 />
	</tile>
	<tile id="columnBlocks_4.png">
		<frame x=141 y=0 w=46 h=119 />
		<spriteSourceSize x=41 y=104 w=128 h=256 />
	</tile>
	<tile id="columnBlocks_6.png">
		<frame x=0 y=0 w=46 h=119 />
		<spriteSourceSize x=41 y=104 w=128 h=256 />
	</tile>
</tiles>
<meta>
	<image name="columnBlocks.png" />
	<size w=188 h=120 />
</meta>
</tileset>
