<tileset>
<tiles>
	<tile id="column_0.png">
		<frame x=35 y=0 w=34 h=115 />
		<spriteSourceSize x=47 y=108 w=128 h=256 />
	</tile>
	<tile id="column_2.png">
		<frame x=70 y=0 w=34 h=115 />
		<spriteSourceSize x=47 y=108 w=128 h=256 />
	</tile>
	<tile id="column_4.png">
		<frame x=105 y=0 w=34 h=115 />
		<spriteSourceSize x=47 y=108 w=128 h=256 />
	</tile>
	<tile id="column_6.png">
		<frame x=0 y=0 w=34 h=115 />
		<spriteSourceSize x=47 y=108 w=128 h=256 />
	</tile>
</tiles>
<meta>
	<image name="column.png" />
	<size w=140 h=116 />
</meta>
</tileset>
