<tileset>
<tiles>
	<tile id="crate_0.png">
		<frame x=0 y=93 w=66 h=92 />
		<spriteSourceSize x=31 y=142 w=128 h=256 />
	</tile>
	<tile id="crate_2.png">
		<frame x=67 y=0 w=66 h=92 />
		<spriteSourceSize x=31 y=142 w=128 h=256 />
	</tile>
	<tile id="crate_4.png">
		<frame x=67 y=93 w=66 h=92 />
		<spriteSourceSize x=31 y=142 w=128 h=256 />
	</tile>
	<tile id="crate_6.png">
		<frame x=0 y=0 w=66 h=92 />
		<spriteSourceSize x=31 y=142 w=128 h=256 />
	</tile>
</tiles>
<meta>
	<image name="crate.png" />
	<size w=134 h=186 />
</meta>
</tileset>
