<tileset>
<tiles>
	<tile id="doorOpen_0.png">
		<frame x=0 y=148 w=128 h=124 />
		<spriteSourceSize x=0 y=132 w=128 h=256 />
	</tile>
	<tile id="doorOpen_2.png">
		<frame x=129 y=0 w=79 h=182 />
		<spriteSourceSize x=0 y=74 w=128 h=256 />
	</tile>
	<tile id="doorOpen_4.png">
		<frame x=0 y=0 w=128 h=147 />
		<spriteSourceSize x=0 y=74 w=128 h=256 />
	</tile>
	<tile id="doorOpen_6.png">
		<frame x=209 y=0 w=79 h=182 />
		<spriteSourceSize x=49 y=74 w=128 h=256 />
	</tile>
</tiles>
<meta>
	<image name="doorOpen.png" />
	<size w=289 h=273 />
</meta>
</tileset>
