<tileset>
<tiles>
	<tile id="doorwayMiddle_0.png">
		<frame x=0 y=48 w=128 h=47 />
		<spriteSourceSize x=0 y=142 w=128 h=256 />
	</tile>
	<tile id="doorwayMiddle_2.png">
		<frame x=129 y=0 w=33 h=115 />
		<spriteSourceSize x=0 y=74 w=128 h=256 />
	</tile>
	<tile id="doorwayMiddle_4.png">
		<frame x=0 y=0 w=128 h=47 />
		<spriteSourceSize x=0 y=74 w=128 h=256 />
	</tile>
	<tile id="doorwayMiddle_6.png">
		<frame x=163 y=0 w=33 h=115 />
		<spriteSourceSize x=95 y=74 w=128 h=256 />
	</tile>
</tiles>
<meta>
	<image name="doorwayMiddle.png" />
	<size w=197 h=116 />
</meta>
</tileset>
