<tileset>
<tiles>
	<tile id="doorwayRightBottom_0.png">
		<frame x=0 y=116 w=128 h=114 />
		<spriteSourceSize x=0 y=142 w=128 h=256 />
	</tile>
	<tile id="doorwayRightBottom_2.png">
		<frame x=129 y=0 w=33 h=182 />
		<spriteSourceSize x=0 y=74 w=128 h=256 />
	</tile>
	<tile id="doorwayRightBottom_4.png">
		<frame x=0 y=0 w=128 h=115 />
		<spriteSourceSize x=0 y=74 w=128 h=256 />
	</tile>
	<tile id="doorwayRightBottom_6.png">
		<frame x=163 y=0 w=33 h=114 />
		<spriteSourceSize x=95 y=142 w=128 h=256 />
	</tile>
</tiles>
<meta>
	<image name="doorwayRightBottom.png" />
	<size w=197 h=231 />
</meta>
</tileset>
