<tileset>
<tiles>
	<tile id="doorwayMiddleBottom_0.png">
		<frame x=0 y=48 w=128 h=46 />
		<spriteSourceSize x=0 y=210 w=128 h=256 />
	</tile>
	<tile id="doorwayMiddleBottom_2.png">
		<frame x=129 y=0 w=33 h=114 />
		<spriteSourceSize x=0 y=142 w=128 h=256 />
	</tile>
	<tile id="doorwayMiddleBottom_4.png">
		<frame x=0 y=0 w=128 h=47 />
		<spriteSourceSize x=0 y=142 w=128 h=256 />
	</tile>
	<tile id="doorwayMiddleBottom_6.png">
		<frame x=163 y=0 w=33 h=114 />
		<spriteSourceSize x=95 y=142 w=128 h=256 />
	</tile>
</tiles>
<meta>
	<image name="doorwayMiddleBottom.png" />
	<size w=197 h=115 />
</meta>
</tileset>
