<tileset>
<tiles>
	<tile id="fence_0.png">
		<frame x=0 y=31 w=128 h=29 />
		<spriteSourceSize x=0 y=227 w=128 h=256 />
	</tile>
	<tile id="fence_2.png">
		<frame x=129 y=0 w=9 h=114 />
		<spriteSourceSize x=0 y=142 w=128 h=256 />
	</tile>
	<tile id="fence_4.png">
		<frame x=0 y=0 w=128 h=30 />
		<spriteSourceSize x=0 y=142 w=128 h=256 />
	</tile>
	<tile id="fence_6.png">
		<frame x=139 y=0 w=9 h=114 />
		<spriteSourceSize x=119 y=142 w=128 h=256 />
	</tile>
</tiles>
<meta>
	<image name="fence.png" />
	<size w=149 h=115 />
</meta>
</tileset>
