<tileset>
<tiles>
	<tile id="floorHalf_0.png">
		<frame x=0 y=48 w=128 h=46 />
		<spriteSourceSize x=0 y=210 w=128 h=256 />
	</tile>
	<tile id="floorHalf_2.png">
		<frame x=0 y=95 w=65 h=91 />
		<spriteSourceSize x=0 y=165 w=128 h=256 />
	</tile>
	<tile id="floorHalf_4.png">
		<frame x=0 y=0 w=128 h=47 />
		<spriteSourceSize x=0 y=165 w=128 h=256 />
	</tile>
	<tile id="floorHalf_6.png">
		<frame x=66 y=95 w=65 h=91 />
		<spriteSourceSize x=63 y=165 w=128 h=256 />
	</tile>
</tiles>
<meta>
	<image name="floorHalf.png" />
	<size w=132 h=187 />
</meta>
</tileset>
