<tileset>
<tiles>
	<tile id="floor_0.png">
		<frame x=0 y=92 w=128 h=91 />
		<spriteSourceSize x=0 y=165 w=128 h=256 />
	</tile>
	<tile id="floor_2.png">
		<frame x=129 y=0 w=128 h=91 />
		<spriteSourceSize x=0 y=165 w=128 h=256 />
	</tile>
	<tile id="floor_4.png">
		<frame x=129 y=92 w=128 h=91 />
		<spriteSourceSize x=0 y=165 w=128 h=256 />
	</tile>
	<tile id="floor_6.png">
		<frame x=0 y=0 w=128 h=91 />
		<spriteSourceSize x=0 y=165 w=128 h=256 />
	</tile>
</tiles>
<meta>
	<image name="floor.png" />
	<size w=258 h=184 />
</meta>
</tileset>
