<tileset>
<tiles>
	<tile id="floorQuarter_0.png">
		<frame x=0 y=48 w=65 h=46 />
		<spriteSourceSize x=63 y=210 w=128 h=256 />
	</tile>
	<tile id="floorQuarter_2.png">
		<frame x=66 y=0 w=65 h=46 />
		<spriteSourceSize x=0 y=210 w=128 h=256 />
	</tile>
	<tile id="floorQuarter_4.png">
		<frame x=66 y=47 w=65 h=47 />
		<spriteSourceSize x=0 y=165 w=128 h=256 />
	</tile>
	<tile id="floorQuarter_6.png">
		<frame x=0 y=0 w=65 h=47 />
		<spriteSourceSize x=63 y=165 w=128 h=256 />
	</tile>
</tiles>
<meta>
	<image name="floorQuarter.png" />
	<size w=132 h=95 />
</meta>
</tileset>
