<tileset>
<tiles>
	<tile id="ladder_0.png">
		<frame x=43 y=0 w=42 h=97 />
		<spriteSourceSize x=43 y=159 w=128 h=256 />
	</tile>
	<tile id="ladder_2.png">
		<frame x=86 y=0 w=9 h=121 />
		<spriteSourceSize x=0 y=105 w=128 h=256 />
	</tile>
	<tile id="ladder_4.png">
		<frame x=0 y=0 w=42 h=98 />
		<spriteSourceSize x=43 y=74 w=128 h=256 />
	</tile>
	<tile id="ladder_6.png">
		<frame x=96 y=0 w=9 h=121 />
		<spriteSourceSize x=119 y=105 w=128 h=256 />
	</tile>
</tiles>
<meta>
	<image name="ladder.png" />
	<size w=106 h=122 />
</meta>
</tileset>
