<tileset>
<tiles>
	<tile id="pole_0.png">
		<frame x=8 y=0 w=7 h=96 />
		<spriteSourceSize x=121 y=160 w=128 h=256 />
	</tile>
	<tile id="pole_2.png">
		<frame x=16 y=0 w=7 h=96 />
		<spriteSourceSize x=0 y=160 w=128 h=256 />
	</tile>
	<tile id="pole_4.png">
		<frame x=24 y=0 w=7 h=97 />
		<spriteSourceSize x=0 y=74 w=128 h=256 />
	</tile>
	<tile id="pole_6.png">
		<frame x=0 y=0 w=7 h=97 />
		<spriteSourceSize x=121 y=74 w=128 h=256 />
	</tile>
</tiles>
<meta>
	<image name="pole.png" />
	<size w=32 h=98 />
</meta>
</tileset>
