<tileset>
<tiles>
	<tile id="slabHalf_0.png">
		<frame x=0 y=60 w=128 h=57 />
		<spriteSourceSize x=0 y=199 w=128 h=256 />
	</tile>
	<tile id="slabHalf_2.png">
		<frame x=129 y=0 w=65 h=103 />
		<spriteSourceSize x=0 y=153 w=128 h=256 />
	</tile>
	<tile id="slabHalf_4.png">
		<frame x=0 y=0 w=128 h=59 />
		<spriteSourceSize x=0 y=153 w=128 h=256 />
	</tile>
	<tile id="slabHalf_6.png">
		<frame x=129 y=104 w=65 h=103 />
		<spriteSourceSize x=63 y=153 w=128 h=256 />
	</tile>
</tiles>
<meta>
	<image name="slabHalf.png" />
	<size w=195 h=208 />
</meta>
</tileset>
