<tileset>
<tiles>
	<tile id="slabAngle_0.png">
		<frame x=0 y=104 w=128 h=103 />
		<spriteSourceSize x=0 y=153 w=128 h=256 />
	</tile>
	<tile id="slabAngle_2.png">
		<frame x=129 y=0 w=128 h=103 />
		<spriteSourceSize x=0 y=153 w=128 h=256 />
	</tile>
	<tile id="slabAngle_4.png">
		<frame x=129 y=104 w=128 h=103 />
		<spriteSourceSize x=0 y=153 w=128 h=256 />
	</tile>
	<tile id="slabAngle_6.png">
		<frame x=0 y=0 w=128 h=103 />
		<spriteSourceSize x=0 y=153 w=128 h=256 />
	</tile>
</tiles>
<meta>
	<image name="slabAngle.png" />
	<size w=258 h=208 />
</meta>
</tileset>
