<tileset>
<tiles>
	<tile id="slabQuarter_0.png">
		<frame x=0 y=60 w=65 h=57 />
		<spriteSourceSize x=63 y=199 w=128 h=256 />
	</tile>
	<tile id="slabQuarter_2.png">
		<frame x=66 y=0 w=65 h=57 />
		<spriteSourceSize x=0 y=199 w=128 h=256 />
	</tile>
	<tile id="slabQuarter_4.png">
		<frame x=66 y=58 w=65 h=59 />
		<spriteSourceSize x=0 y=153 w=128 h=256 />
	</tile>
	<tile id="slabQuarter_6.png">
		<frame x=0 y=0 w=65 h=59 />
		<spriteSourceSize x=63 y=153 w=128 h=256 />
	</tile>
</tiles>
<meta>
	<image name="slabQuarter.png" />
	<size w=132 h=118 />
</meta>
</tileset>
