<tileset>
<tiles>
	<tile id="slope_0.png">
		<frame x=0 y=183 w=128 h=91 />
		<spriteSourceSize x=0 y=165 w=128 h=256 />
	</tile>
	<tile id="slope_2.png">
		<frame x=129 y=0 w=128 h=182 />
		<spriteSourceSize x=0 y=74 w=128 h=256 />
	</tile>
	<tile id="slope_4.png">
		<frame x=129 y=183 w=128 h=182 />
		<spriteSourceSize x=0 y=74 w=128 h=256 />
	</tile>
	<tile id="slope_6.png">
		<frame x=0 y=0 w=128 h=182 />
		<spriteSourceSize x=0 y=74 w=128 h=256 />
	</tile>
</tiles>
<meta>
	<image name="slope.png" />
	<size w=258 h=366 />
</meta>
</tileset>
