<tileset>
<tiles>
	<tile id="slopeSmall_0.png">
		<frame x=0 y=93 w=65 h=46 />
		<spriteSourceSize x=63 y=210 w=128 h=256 />
	</tile>
	<tile id="slopeSmall_2.png">
		<frame x=66 y=0 w=65 h=91 />
		<spriteSourceSize x=0 y=165 w=128 h=256 />
	</tile>
	<tile id="slopeSmall_4.png">
		<frame x=66 y=92 w=65 h=93 />
		<spriteSourceSize x=0 y=119 w=128 h=256 />
	</tile>
	<tile id="slopeSmall_6.png">
		<frame x=0 y=0 w=65 h=92 />
		<spriteSourceSize x=63 y=120 w=128 h=256 />
	</tile>
</tiles>
<meta>
	<image name="slopeSmall.png" />
	<size w=132 h=186 />
</meta>
</tileset>
