<tileset>
<tiles>
	<tile id="sloperCornerOuter_0.png">
		<frame x=0 y=183 w=128 h=91 />
		<spriteSourceSize x=0 y=165 w=128 h=256 />
	</tile>
	<tile id="sloperCornerOuter_2.png">
		<frame x=129 y=0 w=128 h=91 />
		<spriteSourceSize x=0 y=165 w=128 h=256 />
	</tile>
	<tile id="sloperCornerOuter_4.png">
		<frame x=129 y=92 w=128 h=182 />
		<spriteSourceSize x=0 y=74 w=128 h=256 />
	</tile>
	<tile id="sloperCornerOuter_6.png">
		<frame x=0 y=0 w=128 h=182 />
		<spriteSourceSize x=0 y=74 w=128 h=256 />
	</tile>
</tiles>
<meta>
	<image name="sloperCornerOuter.png" />
	<size w=258 h=275 />
</meta>
</tileset>
