<tileset>
<tiles>
	<tile id="slopeHalf_0.png">
		<frame x=0 y=138 w=128 h=91 />
		<spriteSourceSize x=0 y=165 w=128 h=256 />
	</tile>
	<tile id="slopeHalf_2.png">
		<frame x=129 y=0 w=128 h=137 />
		<spriteSourceSize x=0 y=119 w=128 h=256 />
	</tile>
	<tile id="slopeHalf_4.png">
		<frame x=129 y=138 w=128 h=137 />
		<spriteSourceSize x=0 y=119 w=128 h=256 />
	</tile>
	<tile id="slopeHalf_6.png">
		<frame x=0 y=0 w=128 h=137 />
		<spriteSourceSize x=0 y=119 w=128 h=256 />
	</tile>
</tiles>
<meta>
	<image name="slopeHalf.png" />
	<size w=258 h=276 />
</meta>
</tileset>
