<tileset>
<tiles>
	<tile id="slopeQuarter_0.png">
		<frame x=0 y=115 w=128 h=91 />
		<spriteSourceSize x=0 y=165 w=128 h=256 />
	</tile>
	<tile id="slopeQuarter_2.png">
		<frame x=129 y=0 w=128 h=114 />
		<spriteSourceSize x=0 y=142 w=128 h=256 />
	</tile>
	<tile id="slopeQuarter_4.png">
		<frame x=129 y=115 w=128 h=114 />
		<spriteSourceSize x=0 y=142 w=128 h=256 />
	</tile>
	<tile id="slopeQuarter_6.png">
		<frame x=0 y=0 w=128 h=114 />
		<spriteSourceSize x=0 y=142 w=128 h=256 />
	</tile>
</tiles>
<meta>
	<image name="slopeQuarter.png" />
	<size w=258 h=230 />
</meta>
</tileset>
