<tileset>
<tiles>
	<tile id="stairsOpenCornerOuter_0.png">
		<frame x=0 y=138 w=128 h=103 />
		<spriteSourceSize x=0 y=153 w=128 h=256 />
	</tile>
	<tile id="stairsOpenCornerOuter_2.png">
		<frame x=129 y=0 w=128 h=103 />
		<spriteSourceSize x=0 y=153 w=128 h=256 />
	</tile>
	<tile id="stairsOpenCornerOuter_4.png">
		<frame x=129 y=104 w=128 h=137 />
		<spriteSourceSize x=0 y=119 w=128 h=256 />
	</tile>
	<tile id="stairsOpenCornerOuter_6.png">
		<frame x=0 y=0 w=128 h=137 />
		<spriteSourceSize x=0 y=119 w=128 h=256 />
	</tile>
</tiles>
<meta>
	<image name="stairsOpenCornerOuter.png" />
	<size w=258 h=242 />
</meta>
</tileset>
