<tileset>
<tiles>
	<tile id="stairs_0.png">
		<frame x=0 y=138 w=128 h=103 />
		<spriteSourceSize x=0 y=153 w=128 h=256 />
	</tile>
	<tile id="stairs_2.png">
		<frame x=129 y=0 w=128 h=137 />
		<spriteSourceSize x=0 y=119 w=128 h=256 />
	</tile>
	<tile id="stairs_4.png">
		<frame x=129 y=138 w=128 h=137 />
		<spriteSourceSize x=0 y=119 w=128 h=256 />
	</tile>
	<tile id="stairs_6.png">
		<frame x=0 y=0 w=128 h=137 />
		<spriteSourceSize x=0 y=119 w=128 h=256 />
	</tile>
</tiles>
<meta>
	<image name="stairs.png" />
	<size w=258 h=276 />
</meta>
</tileset>
