<tileset>
<tiles>
	<tile id="stairsOpenCornerInner_0.png">
		<frame x=0 y=138 w=128 h=104 />
		<spriteSourceSize x=0 y=119 w=128 h=256 />
	</tile>
	<tile id="stairsOpenCornerInner_2.png">
		<frame x=129 y=0 w=128 h=104 />
		<spriteSourceSize x=0 y=119 w=128 h=256 />
	</tile>
	<tile id="stairsOpenCornerInner_4.png">
		<frame x=129 y=105 w=128 h=137 />
		<spriteSourceSize x=0 y=119 w=128 h=256 />
	</tile>
	<tile id="stairsOpenCornerInner_6.png">
		<frame x=0 y=0 w=128 h=137 />
		<spriteSourceSize x=0 y=119 w=128 h=256 />
	</tile>
</tiles>
<meta>
	<image name="stairsOpenCornerInner.png" />
	<size w=258 h=243 />
</meta>
</tileset>
