<tileset>
<tiles>
	<tile id="steps_0.png">
		<frame x=0 y=94 w=128 h=69 />
		<spriteSourceSize x=0 y=187 w=128 h=256 />
	</tile>
	<tile id="steps_2.png">
		<frame x=129 y=0 w=65 h=137 />
		<spriteSourceSize x=0 y=119 w=128 h=256 />
	</tile>
	<tile id="steps_4.png">
		<frame x=0 y=0 w=128 h=93 />
		<spriteSourceSize x=0 y=119 w=128 h=256 />
	</tile>
	<tile id="steps_6.png">
		<frame x=195 y=0 w=65 h=137 />
		<spriteSourceSize x=63 y=119 w=128 h=256 />
	</tile>
</tiles>
<meta>
	<image name="steps.png" />
	<size w=261 h=164 />
</meta>
</tileset>
