<tileset>
<tiles>
	<tile id="switchWallOn_0.png">
		<frame x=0 y=31 w=34 h=39 />
		<spriteSourceSize x=47 y=161 w=128 h=256 />
	</tile>
	<tile id="switchWallOn_2.png">
		<frame x=35 y=0 w=27 h=47 />
		<spriteSourceSize x=31 y=142 w=128 h=256 />
	</tile>
	<tile id="switchWallOn_4.png">
		<frame x=0 y=0 w=34 h=30 />
		<spriteSourceSize x=47 y=131 w=128 h=256 />
	</tile>
	<tile id="switchWallOn_6.png">
		<frame x=63 y=0 w=27 h=47 />
		<spriteSourceSize x=70 y=142 w=128 h=256 />
	</tile>
</tiles>
<meta>
	<image name="switchWallOn.png" />
	<size w=91 h=71 />
</meta>
</tileset>
