<tileset>
<tiles>
	<tile id="switchFloorOff_0.png">
		<frame x=0 y=50 w=66 h=49 />
		<spriteSourceSize x=31 y=185 w=128 h=256 />
	</tile>
	<tile id="switchFloorOff_2.png">
		<frame x=67 y=0 w=66 h=49 />
		<spriteSourceSize x=31 y=185 w=128 h=256 />
	</tile>
	<tile id="switchFloorOff_4.png">
		<frame x=67 y=50 w=66 h=49 />
		<spriteSourceSize x=31 y=185 w=128 h=256 />
	</tile>
	<tile id="switchFloorOff_6.png">
		<frame x=0 y=0 w=66 h=49 />
		<spriteSourceSize x=31 y=185 w=128 h=256 />
	</tile>
</tiles>
<meta>
	<image name="switchFloorOff.png" />
	<size w=134 h=100 />
</meta>
</tileset>
