<tileset>
<tiles>
	<tile id="wallBattlement_0.png">
		<frame x=0 y=59 w=128 h=57 />
		<spriteSourceSize x=0 y=199 w=128 h=256 />
	</tile>
	<tile id="wallBattlement_2.png">
		<frame x=129 y=0 w=33 h=114 />
		<spriteSourceSize x=0 y=142 w=128 h=256 />
	</tile>
	<tile id="wallBattlement_4.png">
		<frame x=0 y=0 w=128 h=58 />
		<spriteSourceSize x=0 y=131 w=128 h=256 />
	</tile>
	<tile id="wallBattlement_6.png">
		<frame x=163 y=0 w=33 h=125 />
		<spriteSourceSize x=95 y=131 w=128 h=256 />
	</tile>
</tiles>
<meta>
	<image name="wallBattlement.png" />
	<size w=197 h=126 />
</meta>
</tileset>
