<tileset>
<tiles>
	<tile id="wallCornerHalf_0.png">
		<frame x=0 y=138 w=128 h=137 />
		<spriteSourceSize x=0 y=119 w=128 h=256 />
	</tile>
	<tile id="wallCornerHalf_2.png">
		<frame x=129 y=0 w=128 h=137 />
		<spriteSourceSize x=0 y=119 w=128 h=256 />
	</tile>
	<tile id="wallCornerHalf_4.png">
		<frame x=129 y=138 w=128 h=137 />
		<spriteSourceSize x=0 y=119 w=128 h=256 />
	</tile>
	<tile id="wallCornerHalf_6.png">
		<frame x=0 y=0 w=128 h=137 />
		<spriteSourceSize x=0 y=119 w=128 h=256 />
	</tile>
</tiles>
<meta>
	<image name="wallCornerHalf.png" />
	<size w=258 h=276 />
</meta>
</tileset>
