<tileset>
<tiles>
	<tile id="wallHalf_0.png">
		<frame x=0 y=71 w=128 h=69 />
		<spriteSourceSize x=0 y=187 w=128 h=256 />
	</tile>
	<tile id="wallHalf_2.png">
		<frame x=129 y=0 w=33 h=137 />
		<spriteSourceSize x=0 y=119 w=128 h=256 />
	</tile>
	<tile id="wallHalf_4.png">
		<frame x=0 y=0 w=128 h=70 />
		<spriteSourceSize x=0 y=119 w=128 h=256 />
	</tile>
	<tile id="wallHalf_6.png">
		<frame x=163 y=0 w=33 h=137 />
		<spriteSourceSize x=95 y=119 w=128 h=256 />
	</tile>
</tiles>
<meta>
	<image name="wallHalf.png" />
	<size w=197 h=141 />
</meta>
</tileset>
